"0","library(gsheet)"
"0","mapa <- gsheet2tbl(""https://docs.google.com/spreadsheets/d/1pAIFKsdKxk_UQQXdYwIO-O5NOkYNhpclImJcLziYnk4/edit?usp=sharing"")"
"0",""
"0","library(scatterpie)"
"0","library(ggrepel) #colocar o nome em cima de cada ponto"
"0","ggplot(BRA) +"
"0","  geom_sf(fill = ""gray70"", alpha = 0.5, color = ""white"") +"
"0","  coord_sf()+"
"0","  geom_scatterpie(aes(x = lon, y = lat, r = 0.6), alpha = 0.8, color = NA, data = mapa,"
"0","                  cols = c(""DFC"","
"0","                           ""MA"","
"0","                           ""FER"","
"0","                           ""ANTR"","
"0","                           ""OIDIO""))+"
"0","  geom_text_repel(data = mapa, aes(lon, lat, label = Local),"
"0","                   size = 2, nudge_x = 0.2, nudge_y = 0.27, color = ""gray30"", family = ""Arial"") +"
"0","  ggthemes::scale_fill_calc()+"
"0","  ggthemes::theme_map() +"
"0","  labs(x = ""Longitude"", y = ""Latitude"", legend = """", fill = ""DoenÃ§a"")+"
"0","  theme(legend.position = ""bottom"", text = element_text(family = ""Arial"", size = 8))"
"2","Aviso em grid.Call(C_stringMetric, as.graphicsAnnot(x$label)) :"
"2","
 "
"2"," font family not found in Windows font database
"
"2","Aviso em grid.Call(C_stringMetric, as.graphicsAnnot(x$label)) :"
"2","
 "
"2"," font family not found in Windows font database
"
"2","Aviso em grid.Call(C_textBounds, as.graphicsAnnot(x$label), x$x, x$y,  :"
"2","
 "
"2"," font family not found in Windows font database
"
"2","Aviso em grid.Call(C_textBounds, as.graphicsAnnot(x$label), x$x, x$y,  :"
"2","
 "
"2"," font family not found in Windows font database
"
"2","Aviso em grid.Call(C_textBounds, as.graphicsAnnot(x$label), x$x, x$y,  :"
"2","
 "
"2"," font family not found in Windows font database
"
"2","Aviso em grid.Call(C_textBounds, as.graphicsAnnot(x$label), x$x, x$y,  :"
"2","
 "
"2"," font family not found in Windows font database
"
"2","Aviso em grid.Call(C_textBounds, as.graphicsAnnot(x$label), x$x, x$y,  :"
"2","
 "
"2"," font family not found in Windows font database
"
"2","Aviso em grid.Call(C_textBounds, as.graphicsAnnot(x$label), x$x, x$y,  :"
"2","
 "
"2"," font family not found in Windows font database
"
"2","Aviso em grid.Call(C_textBounds, as.graphicsAnnot(x$label), x$x, x$y,  :"
"2","
 "
"2"," font family not found in Windows font database
"
"2","Aviso em grid.Call(C_textBounds, as.graphicsAnnot(x$label), x$x, x$y,  :"
"2","
 "
"2"," font family not found in Windows font database
"
"2","Aviso em grid.Call(C_textBounds, as.graphicsAnnot(x$label), x$x, x$y,  :"
"2","
 "
"2"," font family not found in Windows font database
"
"2","Aviso em grid.Call(C_textBounds, as.graphicsAnnot(x$label), x$x, x$y,  :"
"2","
 "
"2"," font family not found in Windows font database
"
"2","Aviso em grid.Call(C_textBounds, as.graphicsAnnot(x$label), x$x, x$y,  :"
"2","
 "
"2"," font family not found in Windows font database
"
"2","Aviso em grid.Call(C_textBounds, as.graphicsAnnot(x$label), x$x, x$y,  :"
"2","
 "
"2"," font family not found in Windows font database
"
"2","Aviso em grid.Call(C_textBounds, as.graphicsAnnot(x$label), x$x, x$y,  :"
"2","
 "
"2"," font family not found in Windows font database
"
"2","Aviso em grid.Call(C_textBounds, as.graphicsAnnot(x$label), x$x, x$y,  :"
"2","
 "
"2"," font family not found in Windows font database
"
"2","Aviso em grid.Call(C_textBounds, as.graphicsAnnot(x$label), x$x, x$y,  :"
"2","
 "
"2"," font family not found in Windows font database
"
"2","Aviso em grid.Call(C_textBounds, as.graphicsAnnot(x$label), x$x, x$y,  :"
"2","
 "
"2"," font family not found in Windows font database
"
"2","Aviso em grid.Call(C_textBounds, as.graphicsAnnot(x$label), x$x, x$y,  :"
"2","
 "
"2"," font family not found in Windows font database
"
"2","Aviso em grid.Call(C_textBounds, as.graphicsAnnot(x$label), x$x, x$y,  :"
"2","
 "
"2"," font family not found in Windows font database
"
"2","Aviso em grid.Call(C_textBounds, as.graphicsAnnot(x$label), x$x, x$y,  :"
"2","
 "
"2"," font family not found in Windows font database
"
"2","Aviso em grid.Call(C_textBounds, as.graphicsAnnot(x$label), x$x, x$y,  :"
"2","
 "
"2"," font family not found in Windows font database
"
"2","Aviso em grid.Call(C_textBounds, as.graphicsAnnot(x$label), x$x, x$y,  :"
"2","
 "
"2"," font family not found in Windows font database
"
"2","Aviso em grid.Call(C_textBounds, as.graphicsAnnot(x$label), x$x, x$y,  :"
"2","
 "
"2"," font family not found in Windows font database
"
"2","Aviso em grid.Call(C_textBounds, as.graphicsAnnot(x$label), x$x, x$y,  :"
"2","
 "
"2"," font family not found in Windows font database
"
"2","Aviso em grid.Call.graphics(C_text, as.graphicsAnnot(x$label), x$x, x$y,  :"
"2","
 "
"2"," font family not found in Windows font database
"
"2","Aviso em grid.Call.graphics(C_text, as.graphicsAnnot(x$label), x$x, x$y,  :"
"2","
 "
"2"," font family not found in Windows font database
"
